IDs,LPPM
2-890,promesse50
2-862,trl2
2-863,trl2
2-891,promesse50
2-864,trl2
2-865,trl3
2-889,promesse50
2-866,trl1
2-887,promesse50
2-888,geoi01
27-874,promesse50
27-889,promesse50
27-876,promesse50
27-877,promesse50
27-878,geoi01
27-875,geoi01
27-888,geoi01
27-873,promesse50
27-881,geoi01
27-882,promesse50
27-887,promesse50
27-883,promesse50
27-884,geoi01
27-885,geoi01
27-879,promesse50
27-880,promesse50
27-886,geoi01
27-891,promesse50
27-872,promesse200
27-869,trl2
27-870,promesse50
27-893,trl2
27-868,trl2
27-894,trl3
27-892,promesse50
27-895,trl2
27-867,trl2
27-890,promesse50
27-871,promesse200
30-889,promesse50
30-877,promesse50
42-882,trl1
42-887,promesse50
42-886,trl1
42-879,promesse50
42-898,trl1
42-888,promesse50
42-884,geoi005
42-878,promesse50
42-868,geoi01
42-877,promesse100
42-872,trl1
42-873,promesse100
42-875,geoi01
42-885,trl1
42-871,trl1
42-874,promesse200
42-876,promesse50
42-870,promesse50
42-883,trl1
48-902,promesse50
48-901,geoi005
63-890,geoi001
63-885,promesse200
63-888,trl2
63-884,trl2
63-886,geoi01
63-891,promesse100
63-879,promesse50
63-898,promesse100
63-889,promesse50
63-887,promesse200
63-883,promesse200
68-876,promesse50
68-877,trl2
68-874,trl2
68-878,trl2
69-862,trl3
69-865,trl2
69-868,trl3
69-871,trl2
69-872,trl3
69-867,trl2
69-873,trl2
69-866,trl2
69-869,trl3
69-870,trl2
69-863,trl3
69-864,trl2
73-901,promesse50
73-907,promesse50
73-906,promesse50
73-894,trl3
73-905,promesse50
73-904,promesse50
73-896,promesse100
73-895,promesse100
73-897,promesse200
73-898,promesse50
73-902,promesse50
73-899,promesse100
73-900,promesse50
73-903,promesse50
73-909,promesse50
73-892,promesse100
73-888,geoi01
73-875,geoi01
73-889,promesse50
73-874,geoi01
73-876,geoi01
73-873,promesse50
73-890,promesse100
73-891,promesse50
73-870,trl3
73-871,promesse50
73-908,promesse50
73-872,promesse200
73-887,promesse50
75-879,trl1
75-882,trl1
75-878,geoi005
75-883,trl1
75-876,trl1
75-884,trl2
75-875,promesse50
75-894,trl2
87-899,geoi01
87-878,geoi01
87-893,promesse50
87-877,geoi01
87-898,geoi01
1-1121,promesse50
1-1123,geoi01
1-1132,promesse100
1-1128,promesse50
1-1124,promesse50
1-1114,promesse100
1-1113,promesse50
1-1122,geoi01
1-1127,promesse50
1-1130,promesse50
1-1131,promesse200
1-1125,promesse50
1-1120,promesse50
1-1129,promesse50
1-1126,promesse50
7-1115,geoi01
7-1142,promesse50
7-1152,promesse50
7-1129,geoi01
7-1141,promesse50
7-1107,geoi01
7-1116,geoi01
7-1140,promesse50
7-1128,promesse50
7-1119,geoi005
7-1109,geoi01
7-1131,promesse50
7-1138,promesse50
7-1153,geoi01
7-1117,promesse50
7-1154,geoi01
7-1137,promesse50
7-1133,promesse50
7-1136,promesse50
7-1135,geoi01
7-1118,promesse50
7-1134,promesse50
7-1139,promesse50
7-1124,promesse50
7-1123,geoi01
7-1143,promesse50
7-1126,geoi01
7-1110,promesse50
7-1149,promesse50
7-1148,promesse50
7-1150,promesse50
7-1111,promesse50
7-1151,promesse50
7-1112,promesse50
7-1114,promesse50
7-1127,promesse50
7-1147,promesse50
7-1108,geoi01
7-1130,geoi01
7-1146,promesse50
7-1144,promesse50
7-1113,promesse50
7-1132,geoi01
7-1125,geoi01
7-1145,promesse50
13-1131,promesse100
13-1129,promesse50
13-1130,trl3
13-1119,trl2
13-1126,promesse100
13-1133,trl1
13-1122,trl3
13-1120,geoi001
13-1121,trl3
13-1107,promesse50
13-1125,trl3
13-1112,promesse50
13-1127,geoi001
13-1113,promesse100
13-1118,promesse200
13-1124,geoi001
13-1114,promesse50
13-1111,promesse200
13-1110,promesse50
13-1109,promesse50
13-1116,trl3
13-1108,promesse50
13-1128,promesse50
13-1117,trl3
13-1123,promesse100
13-1115,geoi001
24-1123,trl1
24-1122,trl1
24-1127,trl1
24-1129,trl1
24-1130,promesse100
24-1128,trl2
24-1125,trl1
24-1124,trl1
24-1133,geoi001
24-1126,trl1
24-1121,geoi001
24-1149,geoi01
24-1117,geoi005
24-1119,geoi001
24-1132,promesse50
24-1118,trl1
24-1120,geoi005
24-1131,promesse200
24-1112,geoi001
27-1118,geoi005
27-1125,geoi01
27-1130,promesse50
27-1132,trl2
27-1127,geoi01
27-1128,geoi01
27-1134,trl2
27-1123,promesse50
27-1133,trl2
27-1131,promesse50
27-1129,promesse50
27-1126,geoi01
27-1119,geoi001
27-1124,promesse50
42-1146,trl1
42-1127,geoi001
42-1147,promesse100
42-1150,trl1
42-1149,trl1
42-1152,trl1
42-1153,trl1
42-1148,trl1
42-1151,trl1
42-1130,trl2
42-1144,trl1
42-1143,trl1
42-1142,trl1
42-1141,trl1
42-1140,trl3
42-1138,trl1
42-1128,trl2
42-1136,geoi01
42-1137,trl1
42-1132,trl2
42-1129,promesse50
42-1131,trl1
42-1145,trl1
42-1139,trl1
42-1126,trl2
42-1154,trl1
42-1122,trl2
42-1123,trl2
42-1116,trl2
42-1120,trl3
42-1115,trl3
42-1114,trl2
42-1124,trl3
42-1113,trl3
42-1117,trl2
42-1112,trl2
42-1121,geoi001
42-1118,trl3
42-1119,trl3
42-1110,trl2
42-1125,trl2
42-1109,trl2
42-1108,trl2
42-1107,geoi001
42-1111,trl2
57-1133,trl1
57-1126,trl1
57-1118,trl1
57-1119,trl1
57-1135,trl2
57-1132,trl1
57-1136,trl1
57-1120,trl1
57-1137,trl1
57-1116,trl1
57-1138,trl1
57-1139,trl1
57-1115,trl1
57-1114,trl1
57-1113,trl1
57-1112,trl2
57-1111,trl1
57-1110,trl1
57-1109,trl1
57-1108,trl1
57-1107,trl1
57-1117,trl1
57-1131,trl1
57-1134,trl1
57-1123,trl1
57-1128,trl1
57-1122,trl2
57-1127,trl1
57-1125,trl1
57-1129,trl2
57-1124,trl1
57-1130,trl1
57-1121,trl1
59-1139,geoi01
59-1141,geoi01
59-1149,promesse200
59-1142,geoi01
59-1135,geoi01
59-1134,promesse200
59-1146,promesse50
59-1153,promesse50
59-1138,promesse50
59-1136,promesse50
59-1144,promesse50
59-1145,geoi01
59-1133,promesse50
59-1148,promesse50
59-1151,promesse50
59-1137,geoi01
59-1152,promesse50
59-1132,promesse50
59-1147,promesse50
59-1150,promesse50
59-1143,promesse50
63-1122,promesse100
63-1124,promesse100
63-1115,promesse50
63-1121,promesse50
63-1128,promesse100
63-1114,promesse50
63-1132,promesse100
63-1118,promesse100
63-1119,promesse100
63-1120,promesse100
63-1127,promesse50
63-1133,promesse100
66-1119,trl3
66-1120,promesse200
66-1117,trl3
66-1118,promesse50
68-1116,trl2
68-1119,geoi01
68-1118,geoi005
68-1117,trl3
69-1113,promesse100
69-1125,promesse50
69-1108,trl1
69-1107,trl3
69-1114,promesse100
69-1112,promesse100
69-1110,trl2
69-1128,geoi005
69-1123,promesse100
69-1118,promesse200
69-1130,promesse100
69-1129,promesse50
69-1117,promesse100
69-1119,promesse200
69-1122,promesse100
69-1121,promesse200
69-1115,promesse50
69-1116,promesse100
72-1142,promesse100
72-1133,promesse100
72-1143,trl1
72-1135,trl1
72-1145,trl2
72-1132,promesse50
72-1134,promesse200
72-1141,promesse50
72-1140,trl1
72-1144,trl1
75-1126,trl1
75-1133,trl1
75-1132,trl1
75-1127,trl1
75-1121,trl2
75-1122,trl1
75-1125,trl1
75-1130,trl1
75-1135,geoi005
75-1128,trl1
75-1129,trl1
75-1124,trl1
75-1131,trl1
75-1134,trl1
75-1123,trl1
1-1085,promesse50
1-1084,geoi01
7-1100,trl3
7-1091,promesse100
7-1093,trl3
7-1098,trl3
7-1101,promesse200
7-1092,promesse100
7-1097,promesse50
7-1102,promesse100
7-1088,geoi001
7-1096,promesse100
7-1099,promesse100
7-1082,geoi01
7-1090,promesse100
7-1104,promesse50
7-1103,promesse100
7-1087,promesse200
7-1095,promesse200
7-1105,promesse100
7-1086,promesse50
7-1094,promesse200
7-1106,trl3
7-1089,promesse200
13-1091,geoi01
13-1098,promesse50
13-1093,geoi01
13-1094,geoi01
13-1100,promesse50
13-1090,geoi01
13-1101,promesse50
13-1097,promesse50
13-1092,promesse50
13-1089,geoi01
13-1102,geoi01
13-1105,promesse50
13-1096,geoi01
13-1095,promesse50
13-1103,geoi01
13-1104,geoi01
13-1106,geoi01
24-1083,trl1
24-1081,trl1
24-1074,trl1
24-1084,trl1
24-1082,trl1
24-1086,trl1
24-1063,promesse200
24-1071,trl2
24-1070,promesse100
24-1064,trl1
24-1069,promesse100
24-1068,trl1
24-1085,trl3
24-1067,promesse200
24-1065,trl1
24-1062,promesse100
24-1073,trl1
24-1066,promesse50
32-1079,promesse50
32-1078,promesse50
32-1076,promesse50
32-1077,promesse50
32-1075,promesse100
32-1080,promesse200
42-1087,trl1
42-1089,trl1
42-1084,trl1
42-1081,geoi001
42-1082,promesse200
42-1085,trl1
42-1083,promesse200
42-1091,trl1
42-1086,trl1
42-1090,trl1
42-1059,trl1
42-1088,trl1
42-1103,promesse50
42-1067,geoi001
42-1101,trl2
42-1100,trl1
42-1104,trl1
42-1099,trl1
42-1105,trl1
42-1102,trl1
42-1106,trl2
42-1072,geoi001
42-1062,geoi001
42-1097,trl1
42-1060,trl2
42-1061,trl2
42-1096,trl1
42-1094,promesse50
42-1095,trl1
42-1098,trl1
57-1105,geoi01
57-1104,geoi01
57-1089,geoi01
57-1103,geoi01
57-1094,geoi01
57-1102,geoi01
57-1093,geoi01
57-1100,geoi01
57-1091,geoi01
57-1099,geoi01
57-1098,geoi01
57-1097,geoi01
57-1096,geoi01
57-1092,geoi01
57-1095,geoi01
57-1090,geoi01
57-1101,geoi01
57-1106,geoi01
57-1088,geoi01
57-1077,geoi01
57-1075,geoi01
57-1074,geoi01
57-1078,geoi01
57-1079,geoi01
57-1073,geoi01
57-1080,geoi01
57-1081,geoi01
57-1072,geoi01
57-1070,trl1
57-1071,geoi01
57-1082,geoi01
57-1083,geoi01
57-1076,geoi01
57-1084,geoi01
57-1087,geoi01
57-1086,geoi01
57-1085,promesse50
63-1091,promesse200
66-1062,promesse200
66-1063,trl1
69-1066,promesse200
69-1062,geoi001
69-1061,trl1
69-1075,promesse200
69-1074,promesse200
69-1105,trl3
69-1063,promesse100
69-1103,geoi001
69-1072,promesse50
69-1071,promesse50
69-1104,trl3
69-1070,promesse200
69-1076,promesse200
69-1068,promesse100
69-1067,promesse50
69-1064,promesse100
69-1073,promesse200
69-1069,promesse100
69-1085,trl2
69-1084,trl3
69-1088,geoi001
69-1077,promesse200
69-1087,trl3
69-1078,promesse50
69-1106,trl3
69-1083,trl2
69-1082,trl3
71-1080,promesse50
71-1081,promesse50
73-1066,promesse50
73-1065,promesse50
73-1067,promesse100
73-1064,geoi01
73-1090,promesse200
73-1063,promesse50
73-1091,trl3
73-1068,promesse50
73-1097,promesse50
73-1069,promesse50
73-1096,promesse50
73-1098,promesse50
73-1099,promesse50
73-1094,promesse50
73-1095,promesse50
73-1100,geoi001
73-1093,promesse50
73-1092,promesse100
75-1084,trl1
75-1074,trl1
75-1087,trl1
75-1063,trl1
75-1086,trl1
75-1073,trl1
75-1062,promesse50
75-1082,trl1
75-1080,trl1
75-1083,trl1
75-1081,trl1
75-1064,trl1
75-1085,trl1
75-1088,trl1
78-1076,trl1
78-1077,promesse200
2-983,geoi01
2-978,promesse50
2-979,geoi01
7-977,promesse200
7-978,promesse100
7-979,geoi001
17-1008,promesse50
17-970,promesse100
17-972,geoi01
17-980,geoi01
17-973,promesse50
17-1007,trl1
17-979,promesse100
17-974,geoi01
17-975,promesse50
17-976,promesse50
17-977,geoi01
17-986,promesse50
17-968,promesse50
17-971,promesse100
17-987,promesse50
17-1002,geoi001
17-969,promesse200
17-1000,trl1
17-988,promesse50
24-987,geoi01
24-975,geoi01
24-979,promesse50
24-973,geoi005
24-974,geoi01
24-978,promesse100
24-969,geoi01
24-980,geoi01
24-968,promesse50
24-981,geoi01
24-989,promesse50
24-972,geoi01
24-983,geoi01
24-986,geoi01
24-971,geoi005
24-970,geoi01
24-976,promesse200
24-984,geoi01
24-982,geoi005
24-988,geoi01
42-1005,trl1
42-1004,trl3
42-1002,trl1
42-1001,trl1
42-1000,trl1
42-999,trl1
42-998,trl1
42-997,geoi005
42-995,trl1
42-983,geoi001
42-984,geoi005
42-977,trl2
42-963,trl1
42-976,trl2
42-964,trl2
42-965,trl2
42-966,trl2
42-967,trl2
42-968,trl2
42-972,trl2
42-973,trl2
42-971,trl2
42-969,trl2
42-970,trl3
63-996,promesse50
63-997,promesse100
66-981,geoi01
66-982,geoi01
66-980,geoi01
66-979,geoi01
66-978,geoi01
69-988,geoi001
69-987,geoi01
69-970,promesse200
69-986,trl3
69-977,promesse200
69-985,geoi01
69-971,promesse100
69-973,promesse100
69-975,promesse200
69-979,promesse50
69-980,promesse50
69-972,promesse100
69-983,promesse50
69-981,promesse100
69-976,promesse50
69-978,promesse200
69-966,promesse50
69-984,promesse200
69-982,promesse100
75-968,trl1
75-967,promesse200
75-975,trl2
75-990,trl1
75-991,trl1
75-989,trl1
75-981,promesse50
75-986,trl1
75-969,trl1
75-979,trl1
75-988,trl1
75-983,trl1
75-982,trl1
75-972,geoi005
75-973,trl1
75-984,trl1
75-971,trl1
75-985,trl1
75-970,trl1
75-974,trl1
75-987,promesse100
75-980,geoi005
77-1000,promesse50
77-1002,promesse50
77-1001,promesse50
77-998,geoi01
77-997,geoi01
77-999,promesse50
83-975,promesse50
83-972,promesse50
83-973,promesse50
83-976,promesse50
83-974,promesse50
87-991,geoi01
87-964,geoi001
87-963,geoi01
24-1022,promesse200
24-1030,geoi01
24-1029,trl1
24-1020,geoi005
24-1031,geoi005
24-1021,trl1
24-1034,geoi005
24-1028,trl1
24-1036,geoi005
24-1032,geoi005
24-1027,geoi01
24-1050,trl1
24-1025,promesse200
24-1026,trl1
24-1024,promesse200
24-1033,geoi005
27-1039,geoi001
27-1042,trl3
27-1040,trl2
27-1034,promesse50
27-1041,trl2
27-1044,trl3
27-1033,promesse200
27-1043,trl2
27-1046,trl3
27-1031,trl2
27-1032,trl3
27-1045,trl2
27-1035,geoi01
42-1028,trl2
42-1027,geoi001
42-1052,trl2
42-1031,geoi005
42-1032,promesse50
42-1026,trl1
42-1034,trl1
42-1033,trl1
42-1035,trl1
42-1036,promesse50
42-1053,trl1
42-1018,trl2
42-1011,geoi001
42-1051,trl1
42-1012,trl3
42-1013,trl3
42-1050,trl1
42-1014,trl2
42-1049,trl1
42-1048,trl1
42-1015,trl2
42-1016,trl2
42-1017,trl2
42-1041,trl1
42-1043,trl1
42-1020,trl2
42-1025,trl2
42-1019,geoi001
42-1021,trl2
42-1042,promesse50
42-1024,trl3
42-1023,trl2
42-1022,trl2
42-1040,trl1
63-1040,geoi01
63-1026,promesse100
63-1041,geoi01
63-1027,promesse100
63-1025,promesse50
66-1046,trl3
66-1045,promesse50
69-1038,trl3
69-1035,trl2
69-1036,trl2
69-1041,trl2
69-1034,geoi001
69-1037,trl3
69-1011,trl2
69-1033,promesse100
69-1023,promesse200
69-1022,promesse100
69-1021,promesse100
69-1020,promesse200
69-1026,promesse200
69-1019,promesse200
69-1017,promesse100
69-1016,promesse100
69-1014,geoi001
69-1013,trl2
69-1012,trl3
69-1027,promesse200
69-1032,promesse100
69-1030,promesse100
69-1031,promesse200
69-1028,promesse100
69-1029,promesse100
73-1044,promesse50
73-1046,trl3
73-1042,trl3
73-1047,promesse100
73-1043,promesse50
73-1048,promesse50
73-1045,promesse50
73-1049,promesse50
75-1048,trl3
75-1035,trl1
75-1014,trl3
75-1030,geoi005
75-1032,trl1
75-1033,promesse100
75-1015,trl1
75-1016,trl1
75-1027,trl1
75-1036,trl1
75-1031,trl1
75-1043,geoi005
75-1040,trl1
75-1044,trl1
75-1034,trl1
75-1037,trl1
75-1038,trl1
75-1039,trl1
75-1041,trl1
75-1026,trl1
75-1025,trl1
75-1045,trl1
75-1042,geoi005
87-1031,geoi01
87-1042,promesse50
87-1030,geoi01
2-1258,promesse50
2-1260,trl1
2-1262,promesse50
2-1259,geoi01
2-1257,trl2
2-1263,trl1
2-1261,trl1
18-1272,geoi01
18-1281,geoi01
18-1273,promesse50
18-1276,promesse50
18-1274,promesse200
18-1275,promesse50
18-1277,promesse50
24-1257,trl1
24-1258,geoi005
24-1259,promesse50
26-1286,promesse50
26-1282,promesse50
26-1285,promesse50
26-1284,promesse50
26-1283,geoi01
26-1287,promesse50
26-1295,promesse50
26-1297,promesse50
26-1296,promesse50
26-1298,promesse50
26-1294,promesse50
26-1293,promesse50
26-1280,geoi005
26-1291,promesse50
26-1290,promesse50
26-1289,promesse50
26-1288,promesse50
26-1292,promesse50
30-1271,geoi01
30-1265,geoi005
30-1264,geoi01
30-1274,geoi01
30-1266,geoi01
30-1272,geoi01
32-1281,promesse50
32-1272,promesse50
32-1275,promesse50
32-1279,promesse50
32-1273,promesse50
32-1278,promesse50
32-1274,promesse50
32-1280,promesse50
32-1282,promesse50
32-1285,promesse50
32-1270,promesse50
32-1287,promesse50
32-1271,promesse50
32-1276,promesse50
32-1284,promesse50
32-1286,promesse50
32-1277,promesse50
32-1269,promesse50
32-1283,promesse50
32-1268,promesse50
42-1252,trl1
42-1253,trl1
50-1288,promesse50
50-1287,promesse50
50-1283,promesse50
50-1282,geoi01
50-1284,promesse50
50-1286,promesse50
50-1285,promesse50
63-1277,promesse50
66-1287,promesse100
66-1286,promesse100
66-1285,promesse50
69-1251,trl3
69-1264,trl3
69-1261,trl3
69-1263,promesse200
69-1274,promesse50
69-1260,trl2
69-1266,trl2
69-1265,geoi001
69-1259,geoi001
69-1267,trl2
69-1258,trl3
69-1257,trl3
69-1269,geoi01
69-1268,promesse50
69-1270,promesse50
69-1262,trl3
69-1256,trl3
69-1252,trl2
69-1271,promesse50
69-1255,trl3
69-1272,promesse50
69-1254,trl3
69-1273,promesse50
69-1253,trl3
72-1297,trl1
72-1288,trl1
72-1296,trl1
72-1259,geoi005
72-1260,promesse50
72-1293,trl1
72-1295,trl1
72-1290,promesse50
72-1291,geoi005
72-1261,trl1
72-1294,trl1
72-1289,trl1
72-1292,promesse200
72-1298,trl1
72-1287,trl1
72-1273,geoi01
72-1278,promesse100
72-1279,promesse100
72-1280,geoi005
72-1272,promesse200
72-1281,promesse100
72-1271,trl1
72-1282,promesse50
72-1270,trl1
72-1262,trl1
72-1283,promesse50
72-1268,trl1
72-1267,promesse100
72-1284,promesse50
72-1285,trl1
72-1266,trl1
72-1286,trl1
72-1265,trl1
72-1264,promesse50
72-1263,trl1
72-1269,trl1
75-1282,geoi01
75-1272,promesse50
75-1273,trl2
2-766,promesse200
2-731,promesse50
2-732,promesse50
2-733,promesse50
2-734,promesse50
2-735,promesse50
2-736,promesse50
2-737,promesse50
2-738,promesse50
2-730,promesse50
2-740,promesse50
2-741,promesse50
2-742,promesse50
2-743,promesse50
2-739,promesse50
2-745,promesse50
2-765,promesse200
2-764,promesse100
2-762,promesse50
2-763,trl1
2-751,trl1
2-744,promesse50
2-750,geoi005
2-729,promesse50
2-749,promesse50
2-748,promesse50
2-747,promesse50
2-746,promesse50
24-749,promesse200
24-738,promesse50
24-736,promesse50
24-739,promesse50
24-734,promesse50
24-748,promesse50
24-732,promesse50
24-731,promesse50
24-730,geoi01
24-737,geoi01
24-735,promesse50
24-740,promesse50
24-729,promesse50
24-728,promesse50
24-719,geoi01
32-752,promesse50
32-721,promesse50
32-724,geoi001
32-733,geoi01
35-739,geoi01
35-740,promesse50
35-741,trl2
35-749,promesse50
35-750,promesse50
35-742,promesse50
35-743,promesse50
35-752,promesse200
35-754,trl2
35-755,trl2
35-747,promesse50
35-751,promesse50
42-749,geoi01
42-762,geoi005
42-733,trl1
42-726,trl1
42-729,geoi01
42-731,geoi005
42-763,geoi005
42-748,trl1
42-747,promesse50
42-721,trl1
42-723,promesse50
42-765,geoi01
42-746,promesse50
42-725,geoi005
42-764,geoi01
42-742,geoi005
42-745,geoi01
42-724,geoi005
42-743,trl1
42-730,geoi005
42-722,geoi005
42-738,geoi005
42-720,promesse50
42-735,geoi005
42-727,geoi005
42-732,geoi005
42-728,trl1
42-736,geoi005
42-734,geoi005
42-737,geoi01
50-743,promesse50
50-756,promesse50
50-745,promesse50
50-759,promesse50
50-735,promesse100
50-746,promesse50
50-742,promesse50
50-758,promesse50
50-755,promesse50
50-754,promesse50
50-747,promesse50
50-738,promesse50
50-736,promesse50
50-741,promesse50
50-751,promesse50
50-744,promesse50
50-739,promesse50
50-750,promesse50
50-737,promesse50
50-761,promesse50
50-752,promesse50
50-740,promesse50
50-760,promesse50
50-749,promesse50
50-753,promesse50
50-748,promesse50
50-757,promesse50
63-748,promesse50
63-745,promesse50
63-729,promesse200
63-742,promesse50
63-728,promesse50
63-739,geoi01
63-741,promesse50
66-726,promesse200
66-725,geoi005
68-727,trl2
68-726,promesse200
69-724,trl1
69-751,trl1
69-737,promesse100
69-752,trl1
69-746,geoi01
69-753,trl1
69-736,promesse200
69-754,trl1
69-735,promesse100
69-728,promesse100
69-734,promesse100
69-733,promesse100
69-729,promesse200
69-732,promesse50
69-763,trl1
69-721,trl1
69-731,promesse100
69-762,trl1
69-764,trl1
69-720,trl1
69-765,trl1
69-744,promesse50
69-727,promesse50
69-730,promesse200
69-748,trl1
69-723,trl1
69-749,trl1
69-722,trl1
69-743,promesse100
69-766,trl1
69-725,trl1
69-741,promesse200
69-739,promesse200
69-726,geoi001
69-747,geoi01
69-742,promesse100
73-724,trl3
73-739,trl3
73-741,promesse50
73-742,trl3
73-722,promesse50
73-725,trl3
73-740,trl3
73-723,promesse50
75-732,geoi005
75-730,geoi005
75-750,promesse50
75-741,geoi005
75-729,trl1
75-749,promesse50
75-731,geoi005
75-728,geoi005
75-740,trl1
75-734,geoi005
75-727,trl3
75-733,promesse100
78-765,trl1
78-766,trl1
24-922,promesse50
24-920,trl1
24-923,geoi005
27-931,geoi001
27-917,trl1
30-936,geoi01
30-937,promesse50
42-924,trl1
42-925,trl1
42-956,trl1
42-926,trl1
42-928,trl1
42-953,trl1
42-954,trl1
42-955,trl1
42-927,trl1
42-929,trl1
42-957,trl1
42-922,trl1
42-918,trl1
42-923,trl1
42-919,trl1
42-920,trl1
42-917,trl1
42-921,trl1
63-927,promesse50
63-948,trl3
63-942,geoi001
63-929,trl2
63-943,promesse50
63-940,promesse50
63-938,promesse50
73-926,promesse50
73-911,promesse50
73-915,promesse50
73-916,promesse50
73-917,geoi001
73-921,geoi001
73-923,trl3
73-928,promesse100
73-919,promesse50
73-920,promesse50
73-927,promesse50
73-925,promesse50
73-924,promesse50
73-910,promesse50
78-935,geoi001
87-940,promesse50
87-939,geoi001
2-861,trl2
2-851,trl2
2-850,trl1
2-837,promesse100
2-844,trl3
2-838,promesse100
2-849,geoi001
2-839,promesse200
2-848,trl1
2-840,trl3
2-841,promesse200
2-847,trl1
2-842,trl2
2-846,trl1
2-843,promesse50
2-845,promesse100
2-832,promesse50
2-833,promesse50
2-834,promesse50
2-836,promesse200
2-858,trl1
2-852,trl3
2-860,trl2
2-859,trl1
2-856,trl2
2-835,promesse50
2-857,trl1
2-855,trl2
7-856,promesse50
7-851,promesse50
7-855,promesse50
7-854,promesse50
7-853,geoi01
7-852,promesse50
9-843,trl2
9-842,trl2
9-826,trl2
9-827,trl2
9-841,trl2
9-836,trl2
9-829,trl2
9-835,trl2
9-840,trl2
9-830,geoi001
9-839,geoi001
9-838,trl2
9-831,trl2
9-833,trl2
9-832,trl2
9-828,trl2
9-837,trl2
9-834,trl3
9-824,trl2
9-821,trl2
9-823,trl2
9-820,trl2
9-819,trl2
9-818,trl2
9-817,promesse200
9-816,trl2
9-825,trl2
9-822,trl2
9-814,trl2
9-815,trl2
24-825,promesse200
24-844,geoi01
24-846,promesse50
24-845,geoi01
24-826,trl1
27-838,promesse50
27-837,geoi01
27-822,trl2
27-821,trl2
27-850,trl2
27-820,trl2
27-836,promesse50
27-834,trl2
27-831,trl2
27-835,promesse50
27-851,trl2
27-833,trl2
27-832,trl2
27-845,trl2
27-839,promesse50
27-830,trl3
27-846,trl2
27-844,trl3
27-827,trl2
27-843,trl2
27-825,trl2
27-842,promesse200
27-828,trl2
27-849,trl2
27-826,trl2
27-824,trl2
27-847,trl2
27-829,trl2
27-840,promesse100
27-823,trl2
27-848,trl2
27-841,geoi01
30-840,geoi001
30-845,geoi001
30-839,promesse50
30-843,promesse50
30-846,geoi001
32-814,promesse50
32-816,promesse50
32-818,promesse50
32-815,promesse50
32-819,promesse50
32-817,promesse50
42-819,trl1
42-829,geoi001
42-817,trl1
42-840,promesse50
42-818,trl1
42-841,promesse50
42-849,geoi01
42-820,promesse50
42-842,promesse50
42-821,geoi001
42-827,trl3
42-848,geoi005
42-843,trl1
42-847,promesse50
42-826,trl3
42-844,promesse50
42-825,trl3
42-846,geoi005
42-845,promesse50
42-828,trl3
42-816,trl1
42-824,trl1
42-815,trl1
42-814,trl1
42-830,trl2
42-831,geoi001
42-813,geoi005
48-850,promesse200
48-845,geoi01
48-844,geoi01
48-851,promesse50
48-843,geoi01
48-841,promesse50
48-842,geoi01
50-834,promesse50
50-836,promesse50
50-835,promesse50
50-832,geoi01
50-828,geoi01
50-829,promesse100
50-825,promesse50
50-833,geoi01
50-830,promesse50
50-826,promesse50
63-831,promesse200
63-830,promesse200
63-860,promesse50
63-859,promesse50
63-848,promesse50
63-855,promesse50
67-845,promesse50
67-844,trl2
67-843,trl2
68-842,promesse100
68-857,promesse200
68-858,trl2
69-825,promesse200
69-846,trl2
69-824,promesse100
69-854,trl1
69-821,trl1
69-859,trl2
69-822,geoi005
69-858,trl2
69-857,trl3
69-856,trl2
69-855,trl2
69-853,trl2
69-860,trl3
69-826,promesse200
69-837,promesse200
69-827,promesse100
69-845,trl1
69-842,promesse50
69-828,promesse100
69-830,promesse100
69-839,promesse200
69-829,promesse100
69-838,geoi001
69-841,promesse50
69-861,trl1
69-844,geoi001
69-836,promesse100
69-833,promesse100
69-835,promesse200
69-831,promesse200
71-826,trl1
73-815,promesse50
73-816,promesse50
73-853,promesse50
73-817,promesse50
73-852,promesse50
73-814,promesse100
73-846,geoi01
73-847,promesse50
73-850,promesse50
73-845,promesse50
73-848,geoi005
73-849,promesse50
73-844,promesse50
73-842,promesse200
75-832,promesse100
75-837,trl1
75-824,trl1
75-833,trl1
75-825,trl1
75-844,trl1
75-826,trl1
75-835,trl1
75-836,trl1
75-838,promesse100
75-841,trl1
75-829,trl1
75-831,trl1
75-854,geoi005
75-827,trl1
75-839,trl1
75-830,promesse100
75-840,trl1
75-843,trl1
75-842,trl1
75-828,trl1
75-823,trl3
75-834,trl1
87-832,promesse50
87-833,promesse50
18-1405,promesse50
18-1404,geoi001
18-1400,trl2
24-1420,trl1
24-1406,promesse100
24-1404,geoi01
24-1423,trl1
24-1424,promesse50
24-1405,promesse50
24-1421,geoi01
24-1403,trl1
24-1401,promesse50
24-1402,trl2
24-1409,trl1
24-1407,promesse50
24-1408,trl1
24-1414,trl1
24-1416,trl1
24-1419,trl2
24-1411,trl2
24-1418,trl1
24-1412,trl1
24-1413,trl1
24-1410,trl1
24-1415,trl1
24-1417,trl1
30-1400,geoi01
30-1401,geoi01
30-1408,trl2
30-1407,geoi001
32-1425,promesse50
39-1425,geoi01
39-1424,promesse50
42-1415,promesse50
42-1422,promesse50
42-1408,trl1
42-1419,promesse100
42-1417,promesse200
42-1416,geoi005
42-1412,promesse50
42-1421,trl1
42-1420,trl1
42-1418,trl1
42-1409,promesse50
42-1413,promesse100
42-1394,trl1
42-1414,geoi01
42-1401,promesse50
42-1426,geoi001
42-1425,geoi001
42-1403,promesse50
42-1400,promesse50
42-1427,trl3
42-1402,promesse50
42-1399,promesse50
42-1404,geoi005
42-1428,geoi001
42-1397,geoi01
42-1406,promesse50
42-1395,geoi001
42-1398,promesse50
42-1407,trl1
50-1428,geoi01
50-1411,promesse200
50-1429,geoi005
50-1430,geoi005
50-1410,geoi01
50-1427,trl1
50-1407,promesse50
50-1423,geoi005
50-1409,geoi01
50-1420,geoi01
50-1406,geoi01
50-1425,geoi005
50-1421,promesse100
50-1424,geoi01
50-1422,geoi01
50-1426,promesse100
50-1408,geoi01
59-1415,geoi001
59-1423,trl3
59-1422,promesse100
59-1429,geoi01
59-1426,geoi001
59-1416,promesse200
59-1428,geoi01
59-1425,promesse200
59-1427,promesse50
59-1418,promesse50
59-1424,promesse200
59-1421,promesse50
59-1417,geoi005
59-1413,promesse100
59-1399,promesse100
59-1400,promesse200
59-1404,trl3
59-1412,geoi01
59-1398,promesse50
59-1414,trl1
59-1408,promesse50
59-1402,promesse100
59-1410,promesse200
59-1409,promesse200
59-1401,trl3
59-1403,promesse50
59-1405,promesse50
59-1397,trl3
62-1432,promesse50
62-1439,promesse50
62-1430,promesse50
62-1429,promesse50
62-1431,promesse50
62-1427,promesse50
62-1428,promesse50
62-1436,promesse50
62-1433,promesse50
62-1438,promesse50
62-1434,promesse50
62-1437,promesse50
62-1435,promesse50
66-1425,trl3
66-1421,trl2
66-1432,promesse50
66-1434,promesse50
66-1431,promesse50
66-1433,trl3
66-1430,promesse50
68-1417,geoi005
68-1416,trl1
68-1408,geoi005
68-1407,trl1
68-1406,geoi01
68-1418,trl3
69-1401,promesse100
69-1427,promesse200
69-1400,promesse200
69-1426,trl3
69-1403,promesse100
69-1430,geoi001
69-1399,promesse50
69-1398,geoi001
69-1429,promesse50
69-1397,geoi005
69-1431,trl3
69-1432,trl3
69-1433,trl2
69-1434,trl3
69-1435,trl3
69-1436,trl2
69-1437,trl2
69-1438,trl2
69-1439,trl3
69-1428,trl2
69-1404,promesse100
69-1402,promesse100
69-1424,geoi001
69-1421,trl3
69-1425,trl3
69-1420,trl3
69-1410,promesse100
69-1419,trl3
69-1422,trl3
69-1418,trl2
69-1412,promesse100
69-1413,promesse100
69-1415,promesse200
69-1414,promesse100
69-1411,promesse200
69-1407,promesse50
69-1409,promesse200
69-1406,promesse100
69-1405,promesse100
72-1430,geoi005
72-1433,trl1
72-1427,promesse100
72-1436,geoi005
72-1426,promesse50
72-1429,promesse100
72-1431,trl1
72-1438,promesse100
72-1428,promesse200
72-1432,trl1
72-1439,promesse100
72-1434,trl1
72-1437,promesse100
72-1435,promesse200
73-1430,trl3
73-1426,promesse50
73-1424,promesse50
73-1423,promesse50
73-1427,promesse50
73-1429,promesse50
73-1425,promesse50
73-1428,promesse50
73-1422,trl3
75-1413,trl1
75-1415,trl1
75-1417,trl1
75-1412,trl1
75-1425,promesse50
75-1426,promesse50
75-1416,trl1
75-1411,trl1
75-1418,trl1
75-1427,geoi001
75-1423,promesse50
75-1407,trl1
75-1422,promesse50
75-1406,trl1
75-1428,trl2
75-1420,geoi005
75-1421,promesse50
75-1409,promesse50
75-1424,promesse50
75-1419,promesse100
75-1410,trl1
75-1398,promesse100
75-1414,trl1
78-1405,trl2
78-1408,geoi005
78-1412,geoi001
78-1404,trl1
78-1434,promesse200
2-775,trl2
2-779,promesse100
2-778,promesse50
2-777,promesse50
2-776,promesse50
2-774,promesse100
2-773,promesse50
2-772,promesse50
2-771,promesse100
2-770,trl1
2-780,promesse100
2-769,trl1
2-767,trl3
2-768,trl2
9-813,trl2
9-812,trl2
9-807,trl2
9-806,trl2
9-808,trl2
9-811,trl2
9-810,trl2
9-809,trl2
24-789,geoi01
24-786,geoi01
24-785,geoi01
24-781,geoi01
24-778,geoi01
24-797,geoi001
24-790,geoi01
24-779,geoi01
24-787,geoi01
24-795,promesse200
24-777,geoi01
24-798,geoi005
24-782,geoi01
24-793,geoi01
24-791,geoi01
24-794,geoi01
24-783,geoi01
24-796,trl1
24-788,geoi01
24-784,geoi01
24-792,promesse200
24-780,geoi01
24-775,promesse200
24-776,geoi01
27-799,promesse50
27-798,promesse200
27-796,trl2
27-800,trl2
27-801,trl2
27-797,trl2
27-794,trl2
27-795,trl2
27-802,trl2
27-803,trl2
27-804,promesse50
27-792,promesse50
27-805,trl2
27-793,trl2
32-808,promesse50
32-813,promesse50
32-812,promesse50
32-811,promesse50
32-810,promesse50
32-804,promesse50
32-807,promesse50
32-806,promesse50
32-805,promesse50
32-809,promesse50
42-791,trl3
42-793,promesse50
42-790,trl2
42-792,geoi01
42-802,trl1
42-795,promesse50
42-812,geoi005
42-811,trl1
42-810,trl1
42-809,trl1
42-808,trl1
42-807,geoi005
42-794,promesse200
42-804,trl1
42-801,promesse50
42-800,promesse50
42-799,geoi01
42-798,trl1
42-797,trl1
42-796,trl1
42-803,trl1
42-789,geoi001
42-766,trl1
42-773,trl1
42-777,trl2
42-780,trl2
42-785,trl1
42-775,geoi001
42-776,trl3
42-786,trl1
42-783,trl2
42-787,trl2
42-772,trl2
42-784,trl1
42-782,trl1
42-788,trl3
42-767,trl1
42-769,trl1
42-771,promesse50
42-770,geoi005
42-781,geoi001
42-768,trl1
50-799,promesse50
50-779,promesse50
50-802,promesse50
50-780,promesse50
50-801,promesse50
50-797,promesse50
50-781,promesse50
50-784,promesse50
50-795,promesse50
50-800,promesse50
50-783,promesse50
50-796,promesse50
50-789,promesse50
50-805,promesse50
50-803,promesse50
50-790,promesse50
50-791,promesse50
50-809,promesse50
50-792,promesse50
50-788,promesse50
50-808,promesse50
50-785,promesse50
50-807,promesse50
50-793,promesse50
50-806,promesse50
50-786,promesse50
50-782,promesse50
50-794,promesse50
50-778,promesse50
50-804,promesse50
50-787,promesse50
50-798,promesse50
63-780,promesse200
63-797,promesse200
63-792,geoi01
63-793,promesse50
66-806,promesse50
68-776,trl2
68-778,trl2
68-775,trl3
68-777,trl3
69-770,trl1
69-789,promesse200
69-782,promesse50
69-776,promesse50
69-793,promesse100
69-769,trl1
69-787,promesse100
69-797,trl1
69-773,trl1
69-772,trl2
69-788,promesse200
69-791,promesse100
69-771,trl2
69-774,trl2
69-786,promesse100
69-792,promesse100
69-768,trl1
69-784,promesse100
69-794,geoi001
69-779,promesse200
69-795,trl3
69-780,promesse100
69-796,trl1
69-767,trl2
69-785,promesse50
69-777,promesse200
69-781,promesse100
69-790,promesse100
73-809,promesse50
73-813,promesse50
73-811,trl3
73-805,promesse50
73-795,promesse50
73-794,trl3
73-797,geoi01
73-807,promesse50
73-812,promesse100
73-806,promesse50
73-804,promesse50
73-808,promesse50
75-797,trl1
75-806,trl1
75-798,trl2
75-794,trl1
75-795,trl1
75-796,promesse100
75-788,trl1
75-793,trl1
78-790,promesse50
78-767,trl1
78-789,trl1
1-1165,geoi01
1-1168,geoi01
1-1169,promesse50
1-1170,geoi01
1-1173,geoi01
1-1167,geoi01
2-1187,trl1
2-1185,trl1
2-1184,trl1
2-1188,promesse100
2-1183,trl1
2-1180,promesse50
2-1181,trl1
2-1179,promesse50
2-1169,trl1
2-1168,trl1
2-1182,promesse50
2-1186,promesse50
7-1201,geoi01
7-1155,geoi01
7-1188,promesse50
7-1189,promesse100
7-1190,promesse50
7-1191,promesse50
7-1192,promesse50
7-1193,geoi01
7-1194,geoi01
7-1195,promesse50
7-1196,promesse50
7-1197,promesse50
7-1198,geoi01
7-1199,promesse50
7-1200,promesse50
7-1187,promesse50
7-1186,geoi01
7-1202,promesse50
7-1156,geoi01
7-1157,geoi01
7-1158,geoi01
7-1159,promesse50
24-1177,trl1
24-1168,promesse200
24-1160,promesse100
24-1169,trl1
24-1170,trl2
24-1175,geoi01
24-1176,geoi005
24-1178,trl1
24-1179,trl1
24-1180,trl1
24-1181,geoi01
24-1182,promesse50
24-1183,promesse200
24-1161,promesse50
27-1180,trl2
27-1179,trl1
27-1181,trl3
32-1175,promesse200
32-1168,promesse50
32-1163,geoi01
32-1164,geoi01
32-1165,geoi01
42-1183,trl2
42-1185,trl1
42-1180,promesse50
42-1171,trl2
42-1174,geoi001
42-1170,trl2
42-1177,geoi01
42-1172,trl2
42-1181,promesse50
42-1182,trl1
42-1184,trl1
42-1173,geoi001
42-1179,trl1
42-1175,geoi01
42-1187,trl1
42-1186,promesse50
42-1178,trl1
42-1188,trl1
42-1176,promesse50
42-1189,trl2
42-1155,trl1
42-1157,geoi001
42-1156,trl2
59-1176,promesse50
59-1174,promesse50
59-1164,geoi01
59-1180,geoi01
59-1175,promesse50
59-1166,promesse200
59-1178,promesse50
59-1177,promesse50
59-1173,promesse50
59-1179,promesse50
59-1181,promesse50
59-1168,geoi01
59-1169,promesse100
59-1167,geoi01
59-1186,promesse200
59-1185,geoi01
59-1163,promesse50
59-1170,geoi01
59-1165,geoi01
59-1171,geoi01
59-1183,promesse50
59-1172,promesse200
59-1182,geoi01
59-1184,promesse50
63-1187,geoi01
63-1188,geoi01
66-1163,geoi005
66-1168,promesse200
66-1181,promesse50
68-1158,trl3
68-1167,geoi01
68-1174,geoi01
68-1166,geoi01
68-1173,geoi01
68-1168,promesse50
69-1183,geoi001
69-1158,trl3
69-1157,promesse50
69-1161,promesse200
69-1178,trl2
72-1191,trl1
72-1157,geoi005
72-1190,trl1
72-1172,trl1
72-1182,trl1
72-1174,geoi01
72-1189,trl1
72-1164,trl1
72-1171,geoi005
72-1188,trl1
72-1161,trl1
72-1186,promesse50
72-1169,geoi01
72-1167,trl1
72-1173,promesse50
72-1192,trl1
72-1159,geoi005
72-1154,geoi01
72-1198,promesse50
72-1162,trl1
72-1155,geoi01
72-1197,trl1
72-1178,promesse50
72-1168,trl1
72-1187,promesse50
72-1165,promesse100
72-1196,trl1
72-1166,trl1
72-1195,geoi005
72-1180,promesse50
72-1163,trl1
72-1194,trl1
72-1156,trl1
72-1193,trl1
72-1181,promesse50
72-1179,promesse50
72-1158,trl2
73-1158,promesse50
73-1169,promesse50
73-1163,promesse50
73-1167,promesse50
73-1168,promesse50
73-1166,promesse50
73-1174,promesse50
73-1161,promesse50
73-1165,promesse50
73-1157,promesse50
73-1173,promesse100
73-1164,promesse50
73-1175,promesse50
73-1171,promesse50
73-1172,promesse50
73-1162,promesse50
73-1170,promesse50
73-1159,promesse50
73-1160,promesse50
75-1161,trl1
75-1180,trl2
75-1178,trl1
75-1174,trl1
75-1179,trl1
75-1175,trl1
75-1176,promesse200
75-1162,geoi005
75-1169,trl1
75-1157,trl3
75-1181,trl2
75-1172,trl1
75-1158,trl1
75-1177,trl1
75-1159,geoi005
75-1170,geoi005
75-1160,trl1
75-1171,trl1
87-1172,geoi001
87-1171,promesse50
24-1361,trl1
24-1357,trl1
24-1372,trl1
24-1365,geoi005
24-1355,trl1
24-1362,trl1
24-1371,trl1
24-1354,trl1
24-1378,geoi005
24-1366,trl1
24-1358,promesse100
24-1353,trl1
24-1363,trl1
24-1356,trl1
24-1352,trl1
24-1351,promesse50
24-1370,promesse50
24-1364,trl1
24-1359,promesse50
24-1369,promesse50
24-1360,trl1
24-1368,trl1
24-1367,trl1
30-1369,geoi01
30-1359,geoi01
30-1367,promesse50
30-1368,promesse50
30-1366,geoi01
30-1360,promesse50
42-1356,promesse50
42-1376,promesse50
42-1357,promesse50
42-1358,promesse50
42-1373,trl1
42-1363,promesse50
42-1360,promesse50
42-1392,geoi01
42-1372,trl1
42-1375,trl1
42-1359,geoi01
42-1362,geoi01
42-1374,trl1
42-1394,trl1
42-1352,promesse50
42-1347,trl1
42-1348,trl2
42-1393,trl1
42-1349,geoi01
42-1386,geoi005
42-1350,promesse50
42-1385,trl1
42-1351,promesse50
42-1384,trl1
42-1377,promesse200
42-1354,promesse50
42-1382,trl1
42-1381,trl1
42-1353,promesse50
42-1366,geoi01
42-1365,promesse50
42-1378,trl1
42-1364,promesse50
42-1355,geoi01
42-1383,trl1
50-1373,geoi01
50-1369,promesse50
50-1371,promesse50
50-1372,geoi01
50-1370,promesse50
50-1375,geoi005
50-1374,promesse50
59-1365,promesse100
59-1373,geoi01
59-1354,trl3
59-1353,trl3
59-1366,trl2
59-1352,promesse100
59-1351,promesse50
59-1361,trl3
59-1350,promesse100
59-1349,geoi01
59-1347,geoi005
59-1370,trl3
59-1368,trl2
59-1348,geoi005
59-1369,trl3
59-1371,promesse50
59-1355,promesse50
59-1377,trl1
59-1374,geoi01
59-1364,trl2
59-1356,promesse200
59-1360,trl3
59-1362,promesse100
59-1357,trl2
59-1372,geoi01
59-1363,trl3
59-1376,promesse50
59-1375,geoi005
63-1347,promesse50
66-1380,promesse50
66-1379,promesse50
66-1378,promesse50
68-1367,geoi005
68-1362,geoi01
68-1361,geoi01
68-1366,promesse50
68-1370,geoi001
69-1376,trl3
69-1375,promesse100
69-1371,trl3
69-1374,geoi001
69-1378,trl2
69-1377,geoi001
69-1373,geoi005
69-1347,trl2
69-1368,promesse100
69-1348,geoi001
69-1350,promesse100
69-1349,geoi005
69-1352,promesse100
69-1353,promesse100
69-1354,promesse200
69-1355,promesse200
69-1356,promesse200
69-1358,promesse200
69-1360,promesse200
69-1361,promesse100
69-1359,promesse50
69-1364,promesse50
69-1367,promesse200
69-1366,promesse50
69-1365,promesse100
69-1363,promesse100
69-1362,promesse100
75-1358,trl3
75-1363,trl2
75-1365,trl1
75-1362,promesse200
75-1364,trl1
75-1352,geoi001
75-1353,trl1
75-1359,geoi001
78-1365,trl2
78-1364,trl1
78-1361,trl1
83-1355,geoi01
83-1352,promesse50
83-1358,promesse50
83-1359,promesse200
83-1363,promesse50
83-1354,geoi01
83-1364,promesse50
17-1312,promesse50
17-1316,promesse50
17-1311,promesse50
17-1304,promesse50
17-1313,promesse50
17-1321,promesse50
17-1314,promesse50
17-1315,promesse50
24-1315,trl1
24-1319,promesse200
24-1316,trl1
24-1320,trl1
24-1321,trl1
24-1322,trl1
24-1318,trl1
24-1314,geoi005
24-1323,trl1
24-1324,trl1
24-1325,trl1
24-1326,promesse200
24-1317,geoi005
26-1314,promesse50
26-1307,promesse50
26-1315,promesse50
26-1316,promesse50
26-1313,promesse50
26-1308,promesse50
26-1312,promesse50
26-1317,promesse50
26-1299,geoi005
26-1319,promesse50
26-1323,promesse50
26-1331,geoi005
26-1300,trl1
26-1330,geoi01
26-1327,geoi005
26-1301,geoi01
26-1326,promesse50
26-1325,promesse50
26-1324,geoi01
26-1302,trl1
26-1318,promesse50
26-1311,promesse50
26-1321,promesse50
26-1303,geoi01
26-1320,promesse50
26-1304,promesse50
26-1310,promesse50
26-1305,promesse50
26-1322,promesse50
30-1315,geoi005
30-1316,geoi005
30-1318,trl1
30-1317,geoi01
30-1319,geoi005
32-1345,promesse200
32-1328,trl3
36-1300,geoi01
42-1346,trl1
42-1314,trl1
42-1330,trl1
42-1329,trl1
42-1315,trl1
42-1307,geoi01
42-1327,trl1
42-1316,trl1
42-1326,trl2
42-1301,geoi005
42-1306,promesse50
42-1317,trl1
42-1323,geoi005
42-1302,promesse50
42-1318,trl1
42-1322,trl1
42-1321,trl1
42-1305,promesse50
42-1303,promesse50
42-1320,trl2
42-1304,promesse50
42-1308,promesse50
42-1312,geoi01
42-1319,trl2
42-1331,geoi001
42-1345,trl1
42-1344,trl1
42-1343,trl1
42-1310,promesse50
42-1342,promesse50
42-1341,trl1
42-1340,geoi001
42-1309,promesse50
42-1338,trl1
42-1337,trl1
42-1313,promesse50
42-1335,trl2
42-1336,trl1
42-1333,trl1
42-1334,trl1
50-1328,geoi01
50-1332,geoi01
50-1331,promesse100
50-1329,geoi01
50-1330,geoi01
50-1326,promesse100
50-1327,promesse50
51-1337,promesse50
51-1331,geoi01
51-1328,promesse50
51-1336,geoi01
51-1321,promesse50
51-1330,promesse50
51-1333,geoi01
51-1322,promesse50
51-1320,promesse50
51-1340,geoi01
51-1324,promesse50
51-1335,geoi01
51-1325,promesse50
51-1329,promesse50
51-1338,geoi01
51-1326,promesse50
51-1327,promesse50
51-1334,geoi01
51-1339,geoi01
51-1310,promesse50
51-1323,promesse50
51-1316,geoi01
51-1307,geoi01
51-1308,promesse50
51-1314,geoi01
51-1317,promesse50
51-1313,geoi01
51-1306,promesse50
51-1312,geoi01
51-1309,promesse50
51-1318,promesse50
51-1311,promesse50
51-1305,promesse50
51-1315,geoi01
51-1319,promesse50
59-1326,geoi01
59-1329,geoi01
59-1332,geoi01
59-1325,promesse50
59-1330,geoi01
59-1324,promesse50
59-1327,promesse50
59-1331,promesse50
59-1328,promesse50
63-1320,promesse100
63-1321,trl3
63-1327,trl3
63-1326,geoi01
66-1320,geoi01
66-1325,promesse50
66-1331,trl3
66-1301,geoi005
66-1330,promesse100
66-1300,trl1
66-1326,geoi001
68-1319,geoi01
68-1320,promesse50
68-1323,geoi001
68-1322,trl3
68-1302,promesse50
68-1312,trl2
69-1310,promesse200
69-1314,promesse100
69-1345,trl3
69-1328,trl3
69-1330,trl3
69-1341,trl2
69-1332,trl2
69-1311,promesse100
69-1342,trl2
69-1340,geoi001
69-1339,trl2
69-1309,promesse200
69-1338,geoi001
69-1312,promesse200
69-1337,trl2
69-1343,trl3
69-1344,geoi001
69-1336,promesse200
69-1335,trl3
69-1308,promesse100
69-1333,promesse50
69-1313,promesse100
69-1331,geoi005
69-1334,trl2
69-1316,promesse50
69-1329,trl3
69-1320,promesse100
69-1319,promesse100
69-1322,geoi001
69-1318,promesse100
69-1302,trl3
69-1323,trl2
69-1301,trl2
69-1324,trl3
69-1325,geoi001
69-1317,promesse100
69-1306,promesse100
69-1326,geoi001
69-1315,promesse200
69-1305,promesse50
69-1346,trl3
69-1307,promesse200
72-1300,trl2
72-1308,trl1
72-1310,trl1
72-1305,trl1
72-1303,trl1
72-1306,trl1
72-1302,promesse50
72-1299,trl1
72-1307,promesse200
72-1311,geoi005
72-1304,trl1
72-1309,promesse200
72-1301,trl1
75-1323,geoi001
75-1300,trl2
75-1301,geoi001
78-1317,geoi01
78-1310,promesse50
78-1322,promesse50
78-1316,promesse50
78-1315,geoi01
78-1308,trl1
78-1311,promesse50
78-1307,trl1
78-1318,promesse50
78-1312,promesse50
78-1309,promesse50
83-1313,promesse100
83-1308,promesse50
83-1309,promesse100
83-1307,promesse100
83-1312,promesse100
83-1311,promesse100
83-1310,promesse50
90-1324,geoi01
90-1325,geoi01
90-1323,geoi01
2-1227,promesse100
2-1214,trl1
2-1232,trl1
2-1228,promesse50
2-1230,promesse50
2-1215,trl1
2-1210,trl1
2-1237,promesse200
2-1229,promesse50
2-1226,promesse50
2-1238,trl1
2-1217,trl2
2-1216,trl1
2-1212,trl1
2-1239,promesse200
2-1218,geoi005
2-1240,trl1
2-1211,trl1
2-1231,trl1
2-1213,trl1
7-1213,promesse50
7-1203,promesse50
7-1215,promesse100
7-1216,promesse100
7-1219,promesse100
7-1214,promesse100
7-1212,promesse50
7-1220,geoi001
7-1205,promesse50
7-1209,promesse200
7-1210,promesse50
7-1204,promesse50
7-1211,promesse100
42-1219,geoi001
42-1223,trl1
42-1222,trl1
42-1225,trl1
42-1218,trl2
42-1221,trl2
42-1217,geoi01
42-1226,trl1
42-1216,geoi01
42-1224,trl1
42-1230,trl1
42-1227,trl1
42-1229,trl2
42-1212,promesse50
42-1215,promesse50
42-1220,geoi01
42-1228,trl1
42-1209,geoi005
42-1233,trl2
42-1213,trl3
42-1211,trl1
42-1214,promesse50
42-1232,trl1
42-1210,trl1
42-1231,trl1
59-1205,trl1
59-1206,geoi01
59-1204,geoi01
63-1235,promesse50
63-1236,promesse50
63-1220,trl2
63-1219,promesse50
66-1236,promesse100
68-1225,promesse50
69-1249,trl3
69-1213,trl3
69-1212,trl2
69-1211,trl3
69-1208,geoi001
69-1209,trl3
69-1241,trl2
69-1242,trl1
69-1243,trl2
69-1244,trl3
69-1245,trl3
69-1246,trl2
69-1247,trl2
69-1248,trl3
69-1214,trl2
69-1215,trl2
69-1210,trl3
69-1250,trl2
69-1216,trl3
72-1237,promesse50
72-1238,promesse50
72-1206,trl1
72-1239,trl1
72-1204,trl1
72-1240,geoi01
72-1205,trl1
72-1219,trl1
72-1241,geoi001
72-1223,trl1
72-1242,trl1
72-1243,trl1
72-1220,trl1
72-1244,trl1
72-1245,promesse50
72-1222,trl1
72-1246,trl1
72-1247,geoi01
72-1221,trl1
72-1215,promesse50
72-1224,trl1
72-1228,trl1
72-1218,trl1
72-1227,promesse200
72-1216,promesse100
72-1229,promesse200
72-1212,geoi001
72-1230,promesse100
72-1226,trl1
72-1211,trl1
72-1208,trl1
72-1217,trl1
72-1207,trl1
72-1210,promesse100
72-1232,promesse50
72-1225,trl1
72-1233,trl1
72-1209,trl1
72-1234,trl1
72-1235,promesse50
72-1236,trl1
72-1231,promesse50
75-1220,geoi01
75-1219,trl1
75-1222,promesse50
78-1229,trl1
87-1221,promesse100
87-1248,trl3
